Code,Name,Parent,Topics,Linked sector name,Linked sector code
law-sec,Sectoral laws,,,,
law-sec-agr,Agriculture law,law-sec,,Agriculture,sec-agr
law-sec-agr-1,Agriculture and land use law,law-sec-agr,"Animal welfare, Livestock regulation, Plant health regulation, Pesticides and agrochemicals regulation, Organic farming standards, Agricultural cooperatives, Genetic modification in agriculture, Crop and livestock insurance, Agricultural produce standards",,
law-sec-nar,Natural resources law,law-sec,,Natural resources,sec-nar
law-sec-nar-1,Mining and minerals law,law-sec-nar,"Mineral extraction rights, Mining licences and concessions, Royalties and revenue sharing, Mining environmental obligations, Rehabilitation and mine closure, Mine safety regulation, Critical minerals regulation, Offshore seabed minerals, Surface rights and mining access, Export restrictions on minerals, Community benefit agreements, Artisanal and small-scale mining",,
law-sec-nar-2,Oil and gas law,law-sec-nar,"Upstream licensing and exploration permits, Production licences, Hydrocarbon unitisation, Joint operating agreements, Production sharing agreements, Host government agreements, Petroleum fiscal regimes, Decommissioning obligations, Pipeline access and transportation, Offshore safety regulation, Offshore environmental regulation, NORM (naturally occurring radioactive material), Radioactive waste",,
law-sec-mfg,Manufacturing law,law-sec,,Manufacturing,sec-mfg
law-sec-mfg-1,Product safety law,law-sec-mfg,"Product safety standards and certification, Conformity assessment, Market surveillance, Product recalls and withdrawal, General product safety regulation, Dangerous products regulation, Toy safety, Electrical equipment safety, Machinery safety, Battery regulation, Packaging and labelling regulation, Cosmetics product regulation, PPE regulation",,
law-sec-mfg-2,Industrial operations law,law-sec-mfg,"Industrial emissions regulation, Environmental permits for industrial installations, Major accident hazard regulation, Best available techniques (BAT) obligations, Pollution prevention and control, Industrial water discharge and effluent regulation, Industrial noise and vibration regulation, Emissions monitoring and reporting, Plant siting and operational authorisation, Industrial waste management, Site closure and restoration obligations, Occupational exposure regulation, Industrial decarbonisation obligations, ETS compliance (installations)",,
law-sec-mfg-3,Chemicals law,law-sec-mfg,"Chemicals safety assessment and registration, Classification, labelling and packaging, Restriction of hazardous substances, Persistent organic pollutants (POPs), Prior informed consent for chemical imports / exports (Rotterdam Convention), Nanomaterials regulation, Cosmetics ingredient regulation, Pesticides and plant protection products (regulatory dimension), Globally Harmonized System (GHS), Chemicals supply chain notification obligations",,
law-sec-ens,Energy supply law,law-sec,,Energy supply,sec-ens
law-sec-ens-1,Electricity law,law-sec-ens,"Generation licensing, Transmission system regulation, Distribution network regulation, Retail supply licensing, Electricity market rules and codes, Balancing and settlement, Smart metering, Grid connection rights, Capacity mechanisms, Electricity trading arrangements, Consumer protection in electricity supply, Embedded generation",,
law-sec-ens-2,Gas law,law-sec-ens,"Gas supply licensing, Gas transportation regulation, Gas distribution network regulation, Gas market rules and codes, Gas storage regulation, LNG regulation and terminal access, Pipeline regulation, Gas safety regulation, Consumer protection in gas supply, Balancing obligations",,
law-sec-ens-3,Renewable energy law,law-sec-ens,"Renewable energy support schemes, Feed-in tariffs, Green certificate schemes, Offshore wind licensing and seabed leasing, Onshore wind and solar regulation, Hydrogen regulation, Low-carbon heat regulation, Battery storage regulation, Community energy schemes, Energy from waste regulation, Renewable fuel standards, International renewable energy law",,
law-sec-ens-4,Nuclear energy law,law-sec-ens,"Nuclear licensing, Nuclear liability, Nuclear decommissioning, Nuclear safety regulation",,
law-sec-wtw,Water and waste law,law-sec,,Water and waste,sec-wtw
law-sec-wtw-1,Water services law,law-sec-wtw,"Water supply licensing, Wastewater and sewerage regulation, Abstraction rights and licences, Drainage obligations, Flood risk management, Water quality standards, Metering and charging, Consumer protection in water services, Infrastructure adoption, Leakage obligations",,
law-sec-wtw-2,Waste management law,law-sec-wtw,"Waste classification, Waste carrier and broker licensing, Landfill regulation, Hazardous waste management, Duty of care in waste, Producer responsibility, Packaging and recycling obligations, Controlled waste, Environmental permitting for waste facilities, Transboundary waste movements (Basel Convention)",,
law-sec-csn,Construction law,law-sec,,Construction,law-csn
law-sec-csn-1,Construction contracts law,law-sec-csn,"Standard form building contracts (FIDIC etc.), Subcontracting and supply chain, Construction adjudication, Defects liability and practical completion, Contractor and subcontractor insolvency, Design and build arrangements, Performance bonds and construction guarantees, Retention, Construction dispute resolution, Latent defects insurance",,
law-sec-csn-2,Infrastructure law,law-sec-csn,"Public procurement law and regulations, Infrastructure concessions, PPP frameworks, Development consent and authorisation, Infrastructure financing and project finance, Developer obligations (planning gain), Infrastructure maintenance obligations, Public utility access",,
law-sec-rwt,Retail and wholesale trade law,law-sec,,Retail and wholesale trade,sec-rwt
law-sec-rwt-1,Retail law,law-sec-rwt,"Retail trading regulation, Retail premises licensing, Franchising law, Age-restricted product regulation, Alcohol licensing (retail), Tobacco and vaping product regulation, E-commerce and online marketplace obligations, Price marking and labelling obligations",,
law-sec-rwt-2,Wholesale and distribution law,law-sec-rwt,"Wholesale trade regulation, Supply chain due diligence, Pharmaceutical wholesale licensing, Import and export licensing (goods-specific), Product traceability and recall obligations, Intermediary and logistics regulation",,
law-sec-trs,Transportation and storage law,law-sec,,Transportation and storage,sec-trs
law-sec-trs-1,Rail law,law-sec-trs,"Rail network access and licensing, Track access agreements, Safety regulation and accident investigation, Rail passenger rights, Rail freight regulation, High speed rail law, Rolling stock regulation, Cross-border rail arrangements, Level crossing regulation",,
law-sec-trs-2,Road law,law-sec-trs,"Operator and vehicle licensing, Carriage of goods by road, Road haulage regulation, Vehicle standards and type approval, CMR Convention, Dangerous goods transport, Taxi and ride-hailing regulation, Bus and coach regulation, Autonomous vehicle regulation",,
law-sec-trs-3,Maritime law,law-sec-trs,"Charterparties (voyage, time and bareboat), Bills of lading and sea waybills, Ship registration and flag state law, Maritime safety (SOLAS, ISM Code), Marine pollution (MARPOL), Ship finance and ship mortgages, Salvage and general average, Maritime liens and arrest, Collision and admiralty, Port and terminal regulation, Seafarer rights and employment, Multimodal transport, International maritime conventions, Cabotage",,
law-sec-trs-4,Aviation law,law-sec-trs,"Air service licensing and air service agreements, Aircraft financing and the Cape Town Convention, Airport regulation and slot allocation, Air traffic management and airspace, Airline administration and insolvency, Aviation safety regulation (ICAO standards), Air passenger rights, Air cargo (Warsaw / Montreal conventions), Drone and UAV regulation, Liability for surface damage, Aviation security regulation",,
law-sec-trs-5,Space law,law-sec-trs,"Space launch licensing, Satellite operations licensing, Radio spectrum for space systems, Space debris and sustainability obligations, Liability for space objects, Space insurance, Space resources and mining, International space law (Outer Space Treaty, Liability Convention, Registration Convention), Export controls on space technology, Remote sensing and Earth observation regulation, Commercial human spaceflight, Space traffic management, In-orbit servicing and active debris removal",,
law-sec-trs-6,Storage law,law-sec-trs,"Warehousing and warehousekeeper liability, Bailment in commercial storage, Bonded warehouses and customs warehousing, Free zones and free ports, Cold chain and temperature-controlled storage, Pharmaceutical and controlled substances storage, Fuel and bulk liquid storage terminals, Self-storage regulation, Grain and bulk commodity storage, Warehouse receipts and negotiable documents of title, Port terminals and freight handling, Logistics hubs and fulfilment centres, Inventory-linked financing",,
law-sec-hos,Hospitality services law,law-sec,,Hospitality services,sec-hos
law-sec-hos-1,Hotel and accommodation law,law-sec-hos,"Hotel and accommodation licensing, Innkeeper's liability, Short-term rental regulation, Tourism regulation, Accommodation pricing obligations, Hotel management agreements, Accommodation rating and classification, Serviced apartment regulation",,
law-sec-hos-2,Food and beverage law,law-sec-hos,"Food business registration and licensing, Alcohol licensing (premises), Food hygiene regulation (HACCP), Food labelling and allergen disclosure, Food safety enforcement, Food additives and contaminants",,
law-sec-ins,Information and recreational services law,law-sec,,Information and recreational services,sec-ins
law-sec-ins-1,Telecommunications law,law-sec-ins,"Spectrum management and licensing, Electronic communications network authorisation, Network access and interconnection, Universal service obligations, Number portability, Net neutrality, International roaming regulation, Infrastructure sharing, Retail tariff regulation, Emergency communications, Submarine cable regulation",,
law-sec-ins-2,Media and entertainment law,law-sec-ins,"Broadcasting licensing and authorisation, Film production and classification, Music licensing and collecting societies, Advertising regulation (broadcast and non-broadcast), Streaming platform regulation, Newspapers and periodicals, Rights licensing in entertainment, Theatre and live events regulation",,
law-sec-ins-3,Sports law,law-sec-ins,"Sports governance and regulatory bodies, Anti-doping regulation, Player and athlete transfers, Agents and intermediaries regulation, Image rights, Sports integrity and match-fixing, CAS arbitration and lex sportiva, Sports broadcasting rights, Athlete eligibility and nationality rules, Sports employment regulation",,
law-sec-ins-4,Gambling law,law-sec-ins,"Gambling licensing and regulation, Remote gambling and online betting, Land-based betting and gaming, Casinos and gaming machines, Lotteries regulation, Gambling advertising and marketing, Social responsibility and problem gambling obligations, Age verification and consumer protection, AML in gambling, Cross-border gambling regulation",,
law-sec-ins-5,Postal services law,law-sec-ins,"Postal services licensing and authorisation, Universal postal service obligation, Postal price controls, Access to postal networks, Cross-border mail and UPU framework, Parcel delivery regulation, Consumer protection in postal services, Postal security and safety, Postal sector competition",,
law-sec-fsv,Financial services law,law-sec,,Financial services,sec-fsv
law-sec-fsv-1,Banking law,law-sec-fsv,"Bank authorisation and licensing, Capital adequacy, Prudential supervision, AML and CTF obligations, Payment services regulation, E-money regulation, Consumer credit regulation, Mortgage regulation and conduct, Deposit protection, Bank resolution and recovery, Crypto-asset regulation, Buy now pay later regulation, Stablecoin regulation",,
law-sec-fsv-2,Investment management and conduct law,law-sec-fsv,Investment firm authorisation and regulation; Fund and asset management authorisation; Collective investment schemes; Conduct of business regulation; Financial promotions; Cross-border financial services; Retail investor disclosure and protection; Packaged retail investment products; Sustainable finance disclosure; Market conduct,,
law-sec-fsv-3,Insurance law,law-sec-fsv,"Insurance authorisation and licensing, Reinsurance regulation, Life assurance regulation, General insurance regulation, Consumer insurance and disclosure obligations, Insurance broker regulation, Captive insurance, Third party rights against insurers, Motor insurance compulsory requirements, Run-off and legacy insurance",,
law-sec-fsv-4,Operational and digital resilience law,law-sec-fsv,ICT risk management frameworks; ICT incident classification and reporting; Digital operational resilience testing (TLPT); ICT third-party risk management; Contractual requirements for ICT providers; Oversight of critical ICT third-party providers; Operational resilience standards (important business services and impact tolerances); Outsourcing regulation in financial services,,
law-sec-fsv-5,Financial market infrastructure law,law-sec-fsv,CCP authorisation and prudential requirements; Clearing obligations for OTC derivatives; Trade reporting obligations; Risk mitigation for uncleared derivatives; CSD authorisation and operating requirements; Settlement discipline; Trade repository reporting; CCP recovery and resolution; PFMI (Principles for Financial Market Infrastructures) compliance,,
law-sec-fsv-6,Pensions and occupational savings law,law-sec-fsv,Occupational pension scheme authorisation and supervision; Trustee duties and governance; Scheme funding and actuarial valuations; Pension benefit rights; Member communications and disclosure obligations; Cross-border pension schemes; Personal pension schemes and individual savings accounts; DC investment governance; Defined benefit liability management; Pension scheme buy-in and buyout transactions; Auto-enrolment obligations,,
law-sec-res,Real estate sector law,law-sec,,Real estate,sec-res
law-sec-res-1,Commercial real estate law,law-sec-res,"Commercial leases and landlord and tenant law, Commercial property development, Real estate investment trusts (REITs), Real estate finance, Commercial property management, Lease assignment and subletting",,
law-sec-res-2,Residential real estate law,law-sec-res,"Residential conveyancing, Residential tenancy regulation, Housing standards enforcement, Social housing allocation and management",,
law-sec-res-3,Rural real estate law,law-sec-res,"Agricultural land sales and purchases, Mineral rights transactions, Forestry and woodland ownership",,
law-sec-pub,Public sector and NGO law,law-sec,,Public sector and NGOs,sec-pub
law-sec-pub-1,Foreign affairs law,law-sec-pub,"Diplomatic privileges and immunities, Consular law and consular services, Vienna Convention obligations, Treaty negotiation and domestic ratification, Diplomatic missions and premises, Foreign affairs powers, State immunity in diplomatic contexts, Cultural property repatriation, Extraterritorial jurisdiction",,
law-sec-pub-2,Defence law,law-sec-pub,"Defence procurement, Military law and military justice, Armed forces discipline, Arms export controls and licensing, Dual-use goods regulation, Status of forces agreements (SOFA), Military basing and access agreements, Veterans' rights and benefits, Military personnel rights and welfare, Defence industrial base regulation, Weapons systems regulation, NATO and alliance obligations",,
law-sec-pub-3,Public order and safety law,law-sec-pub,"Police powers and accountability, Public order legislation, Emergency powers, Civil protection law, Fire safety regulation, Surveillance by public authorities, Protest and assembly regulation, Licensing for events and public spaces",,
law-sec-pub-4,Social security law,law-sec-pub,"Social security entitlements, Means-tested benefits, Contributory benefits, Disability and incapacity benefits, State pension, Benefits disputes and tribunal appeals, Social insurance contributions, Overpayment recovery, Benefits fraud",,
law-sec-pub-5,Migration law,law-sec-pub,"Immigration control, Skilled worker visas, Student visas, Family reunion and dependants, Asylum and refugee status determination, Statelessness, Nationality and citizenship law, Naturalisation, Deportation and removal, Immigration detention",,
law-sec-pub-6,General government law,law-sec-pub,"Central government organisation and powers, Local government law and decision-making, Public procurement obligations, Public contracts and concessions, Government transparency and information, Delegated legislation and secondary powers, Public body accountability, Municipal law",,
law-sec-pub-7,Charitable and not for profit law,law-sec-pub,"Charity registration and recognition, Trustee duties and regulation, Nonprofit governance, Public benefit requirements, Charitable purposes, Fundraising regulation, Charity accounting and reporting, Foundation and endowment law, Philanthropy, Grant terms and conditions",,
law-sec-pub-8,International organisation law,law-sec-pub,"International organisation privileges and immunities, Headquarters agreements, Membership obligations and contributions, Voting rights and governance, Immunity from jurisdiction, Staff regulations and internal administration, International financial institutions (IMF, World Bank, regional banks), UN system law, Observer status, International organisation dispute resolution, Peacekeeping legal frameworks",,
law-sec-edu,Education law,law-sec,,Education,sec-edu
law-sec-edu-1,Education law,law-sec-edu,"School governance and admissions, Curriculum obligations and educational inspection, Inclusive education law, Higher education regulation, Student rights and consumer protection, Student loans and funding regulation, University governance and autonomy, International student visas and compliance, Research funding regulation",,
law-sec-hsc,Care law,law-sec,,Care,sec-hsc
law-sec-hsc-1,Healthcare law,law-sec-hsc,"Healthcare provider licensing and registration, Mental health law (detention and compulsory treatment), Capacity and consent to treatment, Medical device regulation, Pharmaceutical regulation and licensing, Clinical trials regulation, Patient safety law, Medicines regulation, Public health powers, End of life law, Assisted dying regulation, Healthcare data governance",,
law-sec-hsc-2,Social care law,law-sec-hsc,"Social care provider registration and regulation, Adult safeguarding, Children's social care law, Care home regulation, Domiciliary care regulation, Personal care budgets, Mental capacity in social care, Local authority duties in social care, Foster care and adoption regulation, Social care workforce regulation",,
law-sec-pro,Professional services law,,,Professional services,sec-pro
law-sec-pro-1,Legal services law,law-sec-pro,"Regulation of legal services, Professional licensing of lawyers, Legal professional privilege (regulatory dimension), Consumer protection in legal services, In-house counsel regulation, International practice and cross-border provision, AI and legal services regulation",,
law-sec-pro-2,Accounting / audit services law,law-sec-pro,"Statutory audit regulation, Audit firm governance, Auditor independence and ethical standards, Auditor liability, Public interest entity audit regulation, Disciplinary proceedings in accountancy, Insolvency practitioner regulation (accountancy dimension), Tax agent regulation",,
law-sec-pro-3,Other regulated professions law,law-sec-pro,"Regulation of regulated professions, Title protection and restricted professional titles, Disciplinary proceedings in regulated professions, Multi-disciplinary professional practices, Overseas qualification recognition, Consumer protection in regulated professional services",,